{
  "color": "O",
  "processed_states": 3674160,
  "avg_total_moves": 16.392160112787685,
  "std_total_moves": 2.6398197854790095,
  "min_total_moves": 0,
  "max_total_moves": 24,
  "avg_optimal_moves": 8.755576240555664,
  "avg_efficiency_gap": 7.636583872232021,
  "step_breakdown": {
    "layer": {
      "avg": 5.124431706839114,
      "std": 0.8677268044382671,
      "min": 0,
      "max": 7
    },
    "cll": {
      "avg": 11.26772840594857,
      "std": 2.4935590338174327,
      "min": 0,
      "max": 17
    }
  }
}