{
  "method": "cll",
  "colors": [
    "R",
    "B",
    "O",
    "G",
    "W",
    "Y"
  ],
  "failures": 0,
  "per_color_stats": {
    "B": {
      "processed_states": 3674160,
      "avg_total_moves": 16.55674603174603,
      "avg_efficiency_gap": 7.801169791190367
    },
    "G": {
      "processed_states": 3674160,
      "avg_total_moves": 16.368175582990396,
      "avg_efficiency_gap": 7.612599342434733
    },
    "O": {
      "processed_states": 3674160,
      "avg_total_moves": 16.392160112787685,
      "avg_efficiency_gap": 7.636583872232021
    },
    "R": {
      "processed_states": 3674160,
      "avg_total_moves": 16.44077421778039,
      "avg_efficiency_gap": 7.6851979772247265
    },
    "W": {
      "processed_states": 3674160,
      "avg_total_moves": 16.398783939730443,
      "avg_efficiency_gap": 7.643207699174777
    },
    "Y": {
      "processed_states": 3674160,
      "avg_total_moves": 16.4317438543776,
      "avg_efficiency_gap": 7.676167613821935
    }
  }
}