{
  "color": "W",
  "processed_states": 3674160,
  "avg_total_moves": 16.398783939730443,
  "std_total_moves": 2.626287266871436,
  "min_total_moves": 0,
  "max_total_moves": 24,
  "avg_optimal_moves": 8.755576240555664,
  "avg_efficiency_gap": 7.643207699174777,
  "step_breakdown": {
    "layer": {
      "avg": 5.122460099723474,
      "std": 0.867670733458976,
      "min": 0,
      "max": 7
    },
    "cll": {
      "avg": 11.276323840006967,
      "std": 2.480677500719508,
      "min": 0,
      "max": 17
    }
  }
}