{
  "color": "Y",
  "processed_states": 3674160,
  "avg_total_moves": 16.4317438543776,
  "std_total_moves": 2.726794943795039,
  "min_total_moves": 0,
  "max_total_moves": 25,
  "avg_optimal_moves": 8.755576240555664,
  "avg_efficiency_gap": 7.676167613821935,
  "step_breakdown": {
    "layer": {
      "avg": 5.096119929453263,
      "std": 0.8672581049131576,
      "min": 0,
      "max": 7
    },
    "cll": {
      "avg": 11.335623924924336,
      "std": 2.597077881688885,
      "min": 0,
      "max": 18
    }
  }
}