{
  "color": "B",
  "processed_states": 3674160,
  "avg_total_moves": 21.8631126570427,
  "std_total_moves": 4.333699902668514,
  "min_total_moves": 0,
  "max_total_moves": 34,
  "avg_optimal_moves": 8.755576240555664,
  "avg_efficiency_gap": 13.107536416487033,
  "step_breakdown": {
    "face": {
      "avg": 3.9735449735449735,
      "std": 0.8049704219736975,
      "min": 0,
      "max": 5
    },
    "oll": {
      "avg": 8.053310144359527,
      "std": 2.198708648249733,
      "min": 0,
      "max": 11
    },
    "pbl": {
      "avg": 9.836257539138197,
      "std": 3.653577606075792,
      "min": 0,
      "max": 18
    }
  }
}