{
  "color": "O",
  "processed_states": 3674160,
  "avg_total_moves": 21.650700296122107,
  "std_total_moves": 4.0725623062990755,
  "min_total_moves": 0,
  "max_total_moves": 34,
  "avg_optimal_moves": 8.755576240555664,
  "avg_efficiency_gap": 12.895124055566443,
  "step_breakdown": {
    "face": {
      "avg": 3.9735449735449735,
      "std": 0.8049704219736974,
      "min": 0,
      "max": 5
    },
    "oll": {
      "avg": 8.037185370261502,
      "std": 2.218636176029564,
      "min": 0,
      "max": 11
    },
    "pbl": {
      "avg": 9.639969952315631,
      "std": 3.35395352197174,
      "min": 0,
      "max": 18
    }
  }
}