{
  "method": "ortega",
  "colors": [
    "R",
    "B",
    "O",
    "G",
    "W",
    "Y"
  ],
  "failures": 0,
  "per_color_stats": {
    "B": {
      "processed_states": 3674160,
      "avg_total_moves": 21.8631126570427,
      "avg_efficiency_gap": 13.107536416487033
    },
    "G": {
      "processed_states": 3674160,
      "avg_total_moves": 21.86473071395911,
      "avg_efficiency_gap": 13.109154473403445
    },
    "O": {
      "processed_states": 3674160,
      "avg_total_moves": 21.650700296122107,
      "avg_efficiency_gap": 12.895124055566443
    },
    "R": {
      "processed_states": 3674160,
      "avg_total_moves": 21.96164429420602,
      "avg_efficiency_gap": 13.206068053650359
    },
    "W": {
      "processed_states": 3674160,
      "avg_total_moves": 21.996676791429877,
      "avg_efficiency_gap": 13.241100550874213
    },
    "Y": {
      "processed_states": 3674160,
      "avg_total_moves": 21.595330905567533,
      "avg_efficiency_gap": 12.839754665011867
    }
  }
}