{
  "color": "W",
  "processed_states": 3674160,
  "avg_total_moves": 21.996676791429877,
  "std_total_moves": 4.4186964039742245,
  "min_total_moves": 0,
  "max_total_moves": 34,
  "avg_optimal_moves": 8.755576240555664,
  "avg_efficiency_gap": 13.241100550874213,
  "step_breakdown": {
    "face": {
      "avg": 3.9735449735449735,
      "std": 0.8049704219736977,
      "min": 0,
      "max": 5
    },
    "oll": {
      "avg": 8.10788098504148,
      "std": 2.0636350078937213,
      "min": 0,
      "max": 11
    },
    "pbl": {
      "avg": 9.915250832843425,
      "std": 3.791594377997591,
      "min": 0,
      "max": 18
    }
  }
}