{
  "color": "Y",
  "processed_states": 3674160,
  "avg_total_moves": 21.595330905567533,
  "std_total_moves": 4.165466980653959,
  "min_total_moves": 0,
  "max_total_moves": 34,
  "avg_optimal_moves": 8.755576240555664,
  "avg_efficiency_gap": 12.839754665011867,
  "step_breakdown": {
    "face": {
      "avg": 3.9735449735449735,
      "std": 0.8049704219736973,
      "min": 0,
      "max": 5
    },
    "oll": {
      "avg": 8.033936736560193,
      "std": 2.2224118980299643,
      "min": 0,
      "max": 11
    },
    "pbl": {
      "avg": 9.587849195462365,
      "std": 3.471891253655262,
      "min": 0,
      "max": 18
    }
  }
}