{
  "color": "B",
  "processed_states": 3674160,
  "avg_total_moves": 26.58410738781109,
  "std_total_moves": 5.931025161264101,
  "min_total_moves": 0,
  "max_total_moves": 35,
  "avg_optimal_moves": 8.755576240555664,
  "avg_efficiency_gap": 17.828531147255426,
  "step_breakdown": {
    "layer": {
      "avg": 5.10429812528578,
      "std": 0.8673129979390539,
      "min": 0,
      "max": 7
    },
    "oll": {
      "avg": 7.870131404184902,
      "std": 2.0225704952500543,
      "min": 0,
      "max": 10
    },
    "pll": {
      "avg": 13.60967785834041,
      "std": 5.493149113844007,
      "min": 0,
      "max": 18
    }
  }
}