{
  "color": "G",
  "processed_states": 3674160,
  "avg_total_moves": 26.633823241230647,
  "std_total_moves": 6.10981594059833,
  "min_total_moves": 0,
  "max_total_moves": 35,
  "avg_optimal_moves": 8.755576240555664,
  "avg_efficiency_gap": 17.878247000674985,
  "step_breakdown": {
    "layer": {
      "avg": 5.11799758312104,
      "std": 0.8676723872052942,
      "min": 0,
      "max": 7
    },
    "oll": {
      "avg": 8.127341487578112,
      "std": 1.5523713382001936,
      "min": 0,
      "max": 10
    },
    "pll": {
      "avg": 13.388484170531495,
      "std": 5.7425395181588295,
      "min": 0,
      "max": 18
    }
  }
}