{
  "color": "O",
  "processed_states": 3674160,
  "avg_total_moves": 26.560470964791953,
  "std_total_moves": 6.146228809106417,
  "min_total_moves": 0,
  "max_total_moves": 35,
  "avg_optimal_moves": 8.755576240555664,
  "avg_efficiency_gap": 17.804894724236288,
  "step_breakdown": {
    "layer": {
      "avg": 5.124431706839114,
      "std": 0.8677268044382671,
      "min": 0,
      "max": 7
    },
    "oll": {
      "avg": 8.081498083915779,
      "std": 1.6493074563039893,
      "min": 0,
      "max": 10
    },
    "pll": {
      "avg": 13.35454117403706,
      "std": 5.762954337551278,
      "min": 0,
      "max": 18
    }
  }
}