{
  "color": "Y",
  "processed_states": 3674160,
  "avg_total_moves": 26.20563502950334,
  "std_total_moves": 6.303272739828074,
  "min_total_moves": 0,
  "max_total_moves": 35,
  "avg_optimal_moves": 8.755576240555664,
  "avg_efficiency_gap": 17.45005878894768,
  "step_breakdown": {
    "layer": {
      "avg": 5.096119929453263,
      "std": 0.8672581049131576,
      "min": 0,
      "max": 7
    },
    "oll": {
      "avg": 7.8782478171881465,
      "std": 2.0778487964290115,
      "min": 0,
      "max": 10
    },
    "pll": {
      "avg": 13.231267282861934,
      "std": 5.9040622672069,
      "min": 0,
      "max": 18
    }
  }
}