{
  "color": "O",
  "processed_states": 3674160,
  "avg_total_moves": 14.936787184009406,
  "std_total_moves": 2.095644178347183,
  "min_total_moves": 0,
  "max_total_moves": 23,
  "avg_optimal_moves": 8.755576240555664,
  "avg_efficiency_gap": 6.181210943453742,
  "step_breakdown": {
    "face": {
      "avg": 3.9735449735449735,
      "std": 0.8049704219736974,
      "min": 0,
      "max": 5
    },
    "eg": {
      "avg": 10.963242210464433,
      "std": 1.9006854690397244,
      "min": 0,
      "max": 18
    }
  }
}