{
  "method": "eg",
  "colors": [
    "R",
    "W",
    "B",
    "Y",
    "G",
    "O"
  ],
  "failures": 0,
  "per_color_stats": {
    "B": {
      "processed_states": 3674160,
      "avg_total_moves": 14.949711498682692,
      "avg_efficiency_gap": 6.1941352581270275
    },
    "G": {
      "processed_states": 3674160,
      "avg_total_moves": 14.88080159818843,
      "avg_efficiency_gap": 6.125225357632765
    },
    "O": {
      "processed_states": 3674160,
      "avg_total_moves": 14.936787184009406,
      "avg_efficiency_gap": 6.181210943453742
    },
    "R": {
      "processed_states": 3674160,
      "avg_total_moves": 14.88758029046095,
      "avg_efficiency_gap": 6.132004049905285
    },
    "W": {
      "processed_states": 3674160,
      "avg_total_moves": 14.87769095521153,
      "avg_efficiency_gap": 6.122114714655867
    },
    "Y": {
      "processed_states": 3674160,
      "avg_total_moves": 14.837592810329436,
      "avg_efficiency_gap": 6.082016569773772
    }
  }
}