{
  "color": "W",
  "processed_states": 3674160,
  "avg_total_moves": 14.87769095521153,
  "std_total_moves": 2.110489571095547,
  "min_total_moves": 0,
  "max_total_moves": 23,
  "avg_optimal_moves": 8.755576240555664,
  "avg_efficiency_gap": 6.122114714655867,
  "step_breakdown": {
    "face": {
      "avg": 3.9735449735449735,
      "std": 0.8049704219736977,
      "min": 0,
      "max": 5
    },
    "eg": {
      "avg": 10.904145981666558,
      "std": 1.9501377167791838,
      "min": 0,
      "max": 18
    }
  }
}